Peptide,PRIME_score
VMLQAPLFT,0.010242
MLIVETAVM,0.045349
MLIVETAVML,0.036418
VMLQAPLFTA,0.010313
LLSECVHAL,0.085176
RLLSECVHA,0.008101
RLLSECVHAL,0.017827
TLGSYPICL,0.029176
LLFLGAGLFL,0.034998
FLGAGLFLYF,0.045642
FLSQKGQLYT,0.007189
CLFPICSPA,0.007383
KTEESLFRI,0.028649
TMHTYKELI,0.017456
GIPDEVLESI,0.029393
YMEKQQELL,0.030554
RLDATQMAM,0.022771
RLDATQMAMI,0.01404
GLIWVVLIL,0.046677
ILDGRDGHEV,0.015113
TLSGVNFEL,0.037993
TLSGVNFELV,0.010642
STLSGVNFEL,0.033281
FTGPCPMEI,0.014215
ALGSLATAQI,0.00347
LLAVVDLIV,0.020062
QLLAVVDLI,0.02267
QLLAVVDLIV,0.005342
KLVRDETPL,0.003967
KLVRDETPLI,0.002115
AQFIGPLVFV,0.008853
FIGPLVFVGM,0.013394
LMTRETWEV,0.013106
SLMTRETWEV,0.00589
LFAALTFFL,0.024794
KVTKILFAA,0.056686
ILFAALTFFL,0.038845
KVTKILFAAL,0.026882
LIVFAQLSV,0.015336
KLIVFAQLSV,0.014053
HVFPETSFI,0.034218
ALAISPDSMV,0.006113
RLSEDSKVQI,0.004139
YTFAYRTKL,0.108123
TLSASAAWV,0.006675
AVHPSSPPV,0.007075
ATLSASAAWV,0.00438
TLSASAAWAV,0.004844
NLARFCWYL,0.076801
ALSFYPAEI,0.013424
YMLFARGLL,0.011206
MLFARGLLGI,0.016766
IVDDIGHGV,0.059423
TIVDDIGHGV,0.062326
LLAAAAIAA,0.015627
QLLAAAAIAA,0.010387
LLAAAAIAAT,0.004146
MLSGVGGFV,0.009128
MLSGVGGFVL,0.018254
KMLSGVGGFV,0.003511
GVLELSFPQA,0.009625
ALIHCSIGDI,0.005497
RVYEDILGM,0.035893
KLRSLLHYMV,0.010985
SLLHYMVKQL,0.020121
YSSLVALAFV,0.021422
ALAFVIRPTA,0.006288
VMIACNIREL,0.004498
WLYHHVEGFA,0.008652
RLVAKLANTV,0.004788
KLANTVRTRL,0.019301
LLAGWRATGA,0.003895
YLNKAGIVKA,0.00473
FGLSFTCPSV,0.010445
LIFITPLCDV,0.006879
FITPLCDVKV,0.004467
VMFDDAIERA,0.003697
ALDYGGAPPL,0.007565
GLFLRLPDYA,0.006456
FLRLPDYAEV,0.020211
RLPDYAEVLL,0.008126
GMLKSRCELV,0.000981
KVVVFFFFLL,0.076067
VVFFFFLLPV,0.043365
SNCCWSIFYV,0.009825
LTFPMTALPL,0.015167
IALDYEWGTV,0.006098
FVLGWIKVPV,0.018226
KLRSLLHYM,0.095551
NIFKKVYLL,0.185198
SLVALAFVI,0.041839
MIACNIREL,0.034242
HIHCVNPPL,0.017261
YIWDDPWFF,0.03427
SMPSSPPLA,0.002706
GMMGPPGPL,0.002296
SLYGGDAVV,0.006275
GLSFTCPSV,0.008008
RLPDYAEVL,0.023941
GMLKSRCEL,0.005061
MLKSRCELV,0.077987
KVVVFFFFL,0.115296
VVVFFFFLL,0.112783
VFFFFLLPV,0.023637
ALTFPMTAL,0.033018
ALDYEWGTV,0.049261
AQWRHDFVL,0.013558
VLGWIKVPV,0.006433
TMLSPLEDEL,0.010623
KLTLWDVFGA,0.006681
YLEIEEHNFA,0.041117
WLFLISAIQL,0.046597
SLMVISMACV,0.007514
VLLAIGFICA,0.007929
YSLEEEAVSV,0.00836
HLMCVKDSNI,0.009239
GLTLGACLSL,0.007199
SQTTSLFNGV,0.003743
ALCGEDLYVL,0.011136
SLWKKLLEST,0.011685
SLSSFLFSL,0.118959
FLFSLSAPM,0.009207
SMNDGLLRL,0.021867
MLSPLEDEL,0.010609
VLASRAYVA,0.094993
KMRPRSIEV,0.065043
TLWPEDQKL,0.003213
TLWPEFQKL,0.011092
FLISAIQLA,0.018327
LMVISMACV,0.01019
SMACVGFFL,0.023201
LLAIGFICA,0.03455
LAIGFICAI,0.067876
FICAIIVVV,0.039392
RMTSQNSQV,0.002944
GQGSFSWTL,0.032256
SMAYPSLGA,0.007371
SLEEEAVSV,0.022379
TLGACLSLA,0.005728
ELAELLPRL,0.104179
ELLPRLFRV,0.120293
ALCGEDLYV,0.018057
ALDEVTAMI,0.049378
AMINHVAGL,0.057971
LIDSYSEEV,0.067068
GITAGTILV,0.011637
